<?xml version="1.0" encoding="UTF-8"?>
<workspaceFilter version="1.0">
    <filter root="/conf/knowledgemanagement" mode="merge"/>
    <filter root="/content/knowledgemanagement" mode="merge"/>
    <filter root="/content/dam/knowledgemanagement" mode="merge">
        <exclude pattern="/content/dam/knowledgemanagement(/.*)?"/>
        <include pattern="/content/dam/knowledgemanagement/jcr:content(/.*)?"/>
    </filter>
    <filter root="/content/dam/knowledgemanagement/asset.jpg" mode="merge"/>
    <filter root="/content/experience-fragments/knowledgemanagement" mode="merge"/>
</workspaceFilter>
